Test Domain,accuracy,precision,recall,f1
amazon,0.78,0.6084,0.78,0.6835955056179777
hotel,0.51,0.2601,0.51,0.34450331125827816
yelp,0.82,0.7345833333333333,0.82,0.774945054945055
